{
	"info": {
		"_postman_id": "8782f26f-d6ec-4b35-848e-af29a00e32fa",
		"name": "GitHub-API",
		"schema": "https://schema.getpostman.com/json/collection/v2.1.0/collection.json",
		"_exporter_id": "31715116"
	},
	"item": [
		{
			"name": "GetAllRepos",
			"event": [
				{
					"listen": "test",
					"script": {
						"exec": [
							"//Check if the response status code is 200 OK\r",
							"\r",
							"pm.test(\"status code is 200\",function(){\r",
							"\r",
							"pm.response.to.have.status(200);\r",
							"\r",
							"});\r",
							"\r",
							"pm.test(\"Response body contains 'github-/Sona-VK/\",function(){\r",
							"\r",
							"pm.expect(pm.response.text()).include(\"github-/Sona-VK/\");\r",
							"\r",
							"});\r",
							"\r",
							"pm.test(\"Body matches string\", function () {\r",
							"    pm.expect(pm.response.text()).to.include(\"github-swetha14\");\r",
							"});    \r",
							"\r",
							"pm.test(\"Body is correct\", function () {\r",
							"    pm.response.to.have.body(\"github-/Sona-VK/\");\r",
							"});\r",
							""
						],
						"type": "text/javascript"
					}
				}
			],
			"request": {
				"auth": {
					"type": "bearer",
					"bearer": [
						{
							"key": "token",
							"value": "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",
							"type": "string"
						}
					]
				},
				"method": "GET",
				"header": [],
				"url": {
					"raw": "https://api.github.com/user/repos",
					"protocol": "https",
					"host": [
						"api",
						"github",
						"com"
					],
					"path": [
						"user",
						"repos"
					]
				}
			},
			"response": []
		},
		{
			"name": "GetSpecificRepos",
			"event": [
				{
					"listen": "test",
					"script": {
						"exec": [
							"pm.test(\"Status code should be 200\", function(){\r",
							"\r",
							"    pm.response.to.have.status(200);\r",
							"});\r",
							"\r",
							"pm.test(\"Response time is less than 1000ms\", function(){\r",
							"\r",
							"    pm.expect(pm.response.responseTime).to.be.below(1000);\r",
							"});\r",
							"\r",
							"pm.test(\"Content-Type should be application/json\", function(){\r",
							"\r",
							"    pm.response.to.have.header(\"Content-Type\",\"application/json; charset=utf-8\");\r",
							"\r",
							"\r",
							"});\r",
							"\r",
							"pm.test(\"Response body is valid JSON\", function(){\r",
							"\r",
							"    pm.response.to.be.json;\r",
							"\r",
							"\r",
							"});\r",
							"\r",
							"\r",
							"pm.test(\"Check specific field existence\", function(){\r",
							"\r",
							"    pm.expect(pm.response.json()).to.have.property(\"id\");\r",
							"    pm.expect(pm.response.json()).to.have.property(\"node_id\");\r",
							"    pm.expect(pm.response.json()).to.have.property(\"full_name\");\r",
							"    pm.expect(pm.response.json()).to.have.property(\"private\");\r",
							"\r",
							"\r",
							"});\r",
							"\r",
							"//How to fetch json response in variable \r",
							"\r",
							"var resData = JSON.parse(responseBody);\r",
							"\r",
							"console.log(resData.id);\r",
							"console.log(resData.node_id);\r",
							"console.log(resData.name);\r",
							""
						],
						"type": "text/javascript"
					}
				}
			],
			"request": {
				"auth": {
					"type": "bearer",
					"bearer": [
						{
							"key": "token",
							"value": "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",
							"type": "string"
						}
					]
				},
				"method": "GET",
				"header": [],
				"url": {
					"raw": "https://api.github.com/repos/:owner/:repos",
					"protocol": "https",
					"host": [
						"api",
						"github",
						"com"
					],
					"path": [
						"repos",
						":owner",
						":repos"
					],
					"variable": [
						{
							"key": "owner",
							"value": "github-swetha14"
						},
						{
							"key": "repos",
							"value": "Phase-2_TestingProjects"
						}
					]
				}
			},
			"response": []
		}
	]
}