{
	"info": {
		"_postman_id": "5a7ddc52-4fca-4d6c-bad2-6a85347b3b8c",
		"name": "SOAP-Collection",
		"schema": "https://schema.getpostman.com/json/collection/v2.1.0/collection.json",
		"_exporter_id": "31715116"
	},
	"item": [
		{
			"name": "SOAPNumberConversion",
			"request": {
				"method": "POST",
				"header": [
					{
						"key": "Content-Type",
						"value": "text/xml",
						"type": "text"
					}
				],
				"body": {
					"mode": "raw",
					"raw": "<?xml version=\"1.0\" encoding=\"utf-8\"?>\r\n<soap:Envelope xmlns:soap=\"http://schemas.xmlsoap.org/soap/envelope/\">\r\n    <soap:Body>\r\n        <NumberToWords xmlns=\"http://www.dataaccess.com/webservicesserver/\">\r\n            <ubiNum>200</ubiNum>\r\n        </NumberToWords>\r\n    </soap:Body>\r\n</soap:Envelope>",
					"options": {
						"raw": {
							"language": "xml"
						}
					}
				},
				"url": {
					"raw": "https://www.dataaccess.com/webservicesserver/NumberConversion.wso",
					"protocol": "https",
					"host": [
						"www",
						"dataaccess",
						"com"
					],
					"path": [
						"webservicesserver",
						"NumberConversion.wso"
					]
				}
			},
			"response": []
		}
	]
}