{
	"info": {
		"_postman_id": "7ce264ab-8f26-48e0-a617-22cb9e1522f6",
		"name": "Medicare",
		"schema": "https://schema.getpostman.com/json/collection/v2.1.0/collection.json",
		"_exporter_id": "31715116"
	},
	"item": [
		{
			"name": "getProducts",
			"event": [
				{
					"listen": "test",
					"script": {
						"exec": [
							"pm.test(\"Status code is 200\", function () {\r",
							"    pm.response.to.have.status(200);\r",
							"    });\r",
							"\r",
							"pm.test(\"Body matches string\", function () {\r",
							"    pm.expect(pm.response.text()).to.include(\"18 Products Fetched Successfully.\");\r",
							"});\r",
							"\r",
							"\r",
							"pm.test(\"Content-Type is present\", function () {\r",
							"    pm.response.to.have.header(\"Content-Type\");\r",
							"});\r",
							"\r",
							"\r",
							"pm.test(\"Response time is less than 200ms\", function () {\r",
							"    pm.expect(pm.response.responseTime).to.be.below(200);\r",
							"});\r",
							""
						],
						"type": "text/javascript"
					}
				}
			],
			"request": {
				"method": "GET",
				"header": [],
				"url": {
					"raw": "http://{{BaseURL}}/get-products",
					"protocol": "http",
					"host": [
						"{{BaseURL}}"
					],
					"path": [
						"get-products"
					]
				}
			},
			"response": []
		},
		{
			"name": "getAllUsers",
			"event": [
				{
					"listen": "test",
					"script": {
						"exec": [
							"pm.test(\"Status code is 200\", function () {\r",
							"    pm.response.to.have.status(200);\r",
							"});\r",
							"\r",
							"pm.test(\"Body matches string\", function () {\r",
							"    pm.expect(pm.response.text()).to.include(\"4 Users Fetched Successfully.\");\r",
							"});\r",
							"\r",
							"pm.test(\"Verify the code\", function () {\r",
							"    var jsonData = pm.response.json();\r",
							"    pm.expect(jsonData.code).to.eql(101);\r",
							"});\r",
							"\r",
							"\r",
							"pm.test(\"Verify the name\", function () {\r",
							"    var jsonData = pm.response.json();\r",
							"    pm.expect(jsonData.users[1].name).to.include(\"John Watson\");\r",
							"});\r",
							"\r",
							"\r",
							"pm.test(\"Content-Type is present\", function () {\r",
							"    pm.response.to.have.header(\"Content-Type\");\r",
							"});\r",
							"\r",
							"\r",
							"pm.test(\"Response time is less than 200ms\", function () {\r",
							"    pm.expect(pm.response.responseTime).to.be.below(200);\r",
							"});"
						],
						"type": "text/javascript"
					}
				}
			],
			"request": {
				"method": "GET",
				"header": [],
				"url": {
					"raw": "http://{{BaseURL}}/get-users",
					"protocol": "http",
					"host": [
						"{{BaseURL}}"
					],
					"path": [
						"get-users"
					]
				}
			},
			"response": []
		},
		{
			"name": "addProduct",
			"request": {
				"method": "POST",
				"header": [],
				"body": {
					"mode": "raw",
					"raw": "{\r\n    \"id\": 999,\r\n    \"image\": \"1.png\",\r\n    \"name\": \"Disprin\",\r\n    \"category\": \"medicine\",\r\n    \"brand\": \"BZ Medico\",\r\n    \"status\": 1,\r\n    \"price\": 100\r\n}",
					"options": {
						"raw": {
							"language": "json"
						}
					}
				},
				"url": {
					"raw": "http://{{BaseURL}}/add-product",
					"protocol": "http",
					"host": [
						"{{BaseURL}}"
					],
					"path": [
						"add-product"
					]
				}
			},
			"response": []
		},
		{
			"name": "updateProduct",
			"request": {
				"method": "PUT",
				"header": [],
				"body": {
					"mode": "raw",
					"raw": "{\r\n        \"id\": 999,\r\n        \"image\": \"2.png\",\r\n        \"name\": \"Disprin+\",\r\n        \"category\": \"medicine\",\r\n        \"brand\": \"BZ Medico\",\r\n        \"status\": 1,\r\n        \"price\": 120\r\n}\r\n",
					"options": {
						"raw": {
							"language": "json"
						}
					}
				},
				"url": {
					"raw": "http://{{BaseURL}}/update-product",
					"protocol": "http",
					"host": [
						"{{BaseURL}}"
					],
					"path": [
						"update-product"
					]
				}
			},
			"response": []
		},
		{
			"name": "updateProductStatus",
			"request": {
				"method": "PUT",
				"header": [],
				"body": {
					"mode": "raw",
					"raw": "{\r\n        \"id\": 999,\r\n        \"image\": \"2.png\",\r\n        \"name\": \"Disprin+\",\r\n        \"category\": \"medicine\",\r\n        \"brand\": \"BZ Medico\",\r\n        \"status\": 0,\r\n        \"price\": 120\r\n}\r\n",
					"options": {
						"raw": {
							"language": "json"
						}
					}
				},
				"url": {
					"raw": "http://{{BaseURL}}/update-product-status",
					"protocol": "http",
					"host": [
						"{{BaseURL}}"
					],
					"path": [
						"update-product-status"
					]
				}
			},
			"response": []
		},
		{
			"name": "DeleteProduct",
			"request": {
				"method": "DELETE",
				"header": [],
				"url": {
					"raw": "http://{{BaseURL}}/delete-product?id=101",
					"protocol": "http",
					"host": [
						"{{BaseURL}}"
					],
					"path": [
						"delete-product"
					],
					"query": [
						{
							"key": "id",
							"value": "101"
						}
					]
				}
			},
			"response": []
		}
	]
}